annyeong	안녕
annyeonghaseyo	안녕하세요
gamsahamnida	감사합니다
gomapseumnida	고맙습니다
mianhae	미안해
mianhamnida	미안합니다
saranghae	사랑해
saranghamnida	사랑합니다
eomma	엄마
appa	아빠
chingu	친구
hangugeo	한국어
hanguk	한국
ne	네
aniyo	아니요
gwaenchanha	괜찮아
gwaenchanseumnida	괜찮습니다
jaljayo	잘자요
annyeonghi	안녕히
oneul	오늘
naeil	내일
mwo	뭐
eotteoke	어떻게
joahae	좋아해
meogeoyo	먹어요
g	ㄱ
kk	ㄲ
n	ㄴ
d	ㄷ
tt	ㄸ
r	ㄹ
m	ㅁ
b	ㅂ
pp	ㅃ
s	ㅅ
ss	ㅆ
ng	ㅇ
j	ㅈ
jj	ㅉ
ch	ㅊ
k	ㅋ
t	ㅌ
p	ㅍ
h	ㅎ
a	ㅏ
ae	ㅐ
ya	ㅑ
yae	ㅒ
eo	ㅓ
e	ㅔ
yeo	ㅕ
ye	ㅖ
o	ㅗ
wa	ㅘ
wae	ㅙ
oe	ㅚ
yo	ㅛ
u	ㅜ
wo	ㅝ
we	ㅞ
wi	ㅟ
yu	ㅠ
eu	ㅡ
ui	ㅢ
i	ㅣ
ga	가
gae	개
gya	갸
gyae	걔
geo	거
ge	게
gyeo	겨
gye	계
go	고
gwa	과
gwae	괘
goe	괴
gyo	교
gu	구
gwo	궈
gwe	궤
gwi	귀
gyu	규
geu	그
gui	긔
gi	기
kka	까
kkae	깨
kkya	꺄
kkyae	꺠
kkeo	꺼
kke	께
kkyeo	껴
kkye	꼐
kko	꼬
kkwa	꽈
kkwae	꽤
kkoe	꾀
kkyo	꾜
kku	꾸
kkwo	꿔
kkwe	꿰
kkwi	뀌
kkyu	뀨
kkeu	끄
kkui	끠
kki	끼
na	나
nae	내
nya	냐
nyae	냬
neo	너
ne	네
nyeo	녀
nye	녜
no	노
nwa	놔
nwae	놰
noe	뇌
nyo	뇨
nu	누
nwo	눠
nwe	눼
nwi	뉘
nyu	뉴
neu	느
nui	늬
ni	니
da	다
dae	대
dya	댜
dyae	댸
deo	더
de	데
dyeo	뎌
dye	뎨
do	도
dwa	돠
dwae	돼
doe	되
dyo	됴
du	두
dwo	둬
dwe	뒈
dwi	뒤
dyu	듀
deu	드
dui	듸
di	디
tta	따
ttae	때
ttya	땨
ttyae	떄
tteo	떠
tte	떼
ttyeo	뗘
ttye	뗴
tto	또
ttwa	똬
ttwae	뙈
ttoe	뙤
ttyo	뚀
ttu	뚜
ttwo	뚸
ttwe	뛔
ttwi	뛰
ttyu	뜌
tteu	뜨
ttui	띄
tti	띠
ra	라
rae	래
rya	랴
ryae	럐
reo	러
re	레
ryeo	려
rye	례
ro	로
rwa	롸
rwae	뢔
roe	뢰
ryo	료
ru	루
rwo	뤄
rwe	뤠
rwi	뤼
ryu	류
reu	르
rui	릐
ri	리
ma	마
mae	매
mya	먀
myae	먜
meo	머
me	메
myeo	며
mye	몌
mo	모
mwa	뫄
mwae	뫠
moe	뫼
myo	묘
mu	무
mwo	뭐
mwe	뭬
mwi	뮈
myu	뮤
meu	므
mui	믜
mi	미
ba	바
bae	배
bya	뱌
byae	뱨
beo	버
be	베
byeo	벼
bye	볘
bo	보
bwa	봐
bwae	봬
boe	뵈
byo	뵤
bu	부
bwo	붜
bwe	붸
bwi	뷔
byu	뷰
beu	브
bui	븨
bi	비
ppa	빠
ppae	빼
ppya	뺘
ppyae	뺴
ppeo	뻐
ppe	뻬
ppyeo	뼈
ppye	뼤
ppo	뽀
ppwa	뽜
ppwae	뽸
ppoe	뾔
ppyo	뾰
ppu	뿌
ppwo	뿨
ppwe	쀄
ppwi	쀠
ppyu	쀼
ppeu	쁘
ppui	쁴
ppi	삐
sa	사
sae	새
sya	샤
syae	섀
seo	서
se	세
syeo	셔
sye	셰
so	소
swa	솨
swae	쇄
soe	쇠
syo	쇼
su	수
swo	숴
swe	쉐
swi	쉬
syu	슈
seu	스
sui	싀
si	시
ssa	싸
ssae	쌔
ssya	쌰
ssyae	썌
sseo	써
sse	쎄
ssyeo	쎠
ssye	쎼
sso	쏘
sswa	쏴
sswae	쐐
ssoe	쐬
ssyo	쑈
ssu	쑤
sswo	쒀
sswe	쒜
sswi	쒸
ssyu	쓔
sseu	쓰
ssui	씌
ssi	씨
nga	아
ngae	애
ngya	야
ngyae	얘
ngeo	어
nge	에
ngyeo	여
ngye	예
ngo	오
ngwa	와
ngwae	왜
ngoe	외
ngyo	요
ngu	우
ngwo	워
ngwe	웨
ngwi	위
ngyu	유
ngeu	으
ngui	의
ngi	이
ja	자
jae	재
jya	쟈
jyae	쟤
jeo	저
je	제
jyeo	져
jye	졔
jo	조
jwa	좌
jwae	좨
joe	죄
jyo	죠
ju	주
jwo	줘
jwe	줴
jwi	쥐
jyu	쥬
jeu	즈
jui	즤
ji	지
jja	짜
jjae	째
jjya	쨔
jjyae	쨰
jjeo	쩌
jje	쩨
jjyeo	쪄
jjye	쪠
jjo	쪼
jjwa	쫘
jjwae	쫴
jjoe	쬐
jjyo	쬬
jju	쭈
jjwo	쭤
jjwe	쮀
jjwi	쮜
jjyu	쮸
jjeu	쯔
jjui	쯰
jji	찌
cha	차
chae	채
chya	챠
chyae	챼
cheo	처
che	체
chyeo	쳐
chye	쳬
cho	초
chwa	촤
chwae	쵀
choe	최
chyo	쵸
chu	추
chwo	춰
chwe	췌
chwi	취
chyu	츄
cheu	츠
chui	츼
chi	치
ka	카
kae	캐
kya	캬
kyae	컈
keo	커
ke	케
kyeo	켜
kye	켸
ko	코
kwa	콰
kwae	쾌
koe	쾨
kyo	쿄
ku	쿠
kwo	쿼
kwe	퀘
kwi	퀴
kyu	큐
keu	크
kui	킈
ki	키
ta	타
tae	태
tya	탸
tyae	턔
teo	터
te	테
tyeo	텨
tye	톄
to	토
twa	톼
twae	퇘
toe	퇴
tyo	툐
tu	투
two	퉈
twe	퉤
twi	튀
tyu	튜
teu	트
tui	틔
ti	티
pa	파
pae	패
pya	퍄
pyae	퍠
peo	퍼
pe	페
pyeo	펴
pye	폐
po	포
pwa	퐈
pwae	퐤
poe	푀
pyo	표
pu	푸
pwo	풔
pwe	풰
pwi	퓌
pyu	퓨
peu	프
pui	픠
pi	피
ha	하
hae	해
hya	햐
hyae	햬
heo	허
he	헤
hyeo	혀
hye	혜
ho	호
hwa	화
hwae	홰
hoe	회
hyo	효
hu	후
hwo	훠
hwe	훼
hwi	휘
hyu	휴
heu	흐
hui	희
+gak	각
gan	간
gat	갇
gal	갈
gam	감
gap	갑
gang	강
gaek	객
gaen	갠
gaet	갣
gael	갤
gaem	갬
gaep	갭
gaeng	갱
gyak	갹
gyan	갼
gyat	갿
gyal	걀
gyam	걈
gyap	걉
gyang	걍
gyaek	걕
gyaen	걘
gyaet	걛
gyael	걜
gyaem	걤
gyaep	걥
gyaeng	걩
geok	걱
geon	건
geot	걷
geol	걸
geom	검
geop	겁
geong	겅
gek	겍
gen	겐
get	겓
gel	겔
gem	겜
gep	겝
geng	겡
gyeok	격
gyeon	견
gyeot	겯
gyeol	결
gyeom	겸
gyeop	겹
gyeong	경
gyek	곅
gyen	곈
gyet	곋
gyel	곌
gyem	곔
gyep	곕
gyeng	곙
gok	곡
gon	곤
got	곧
gol	골
gom	곰
gop	곱
gong	공
gwak	곽
gwan	관
gwat	괃
gwal	괄
gwam	괌
gwap	괍
gwang	광
gwaek	괙
gwaen	괜
gwaet	괟
gwael	괠
gwaem	괨
gwaep	괩
gwaeng	괭
goek	괵
goen	괸
goet	괻
goel	괼
goem	굄
goep	굅
goeng	굉
gyok	굑
gyon	굔
gyot	굗
gyol	굘
gyom	굠
gyop	굡
gyong	굥
guk	국
gun	군
gut	굳
gul	굴
gum	굼
gup	굽
gung	궁
gwok	궉
gwon	권
gwot	궏
gwol	궐
gwom	궘
gwop	궙
gwong	궝
gwek	궥
gwen	궨
gwet	궫
gwel	궬
gwem	궴
gwep	궵
gweng	궹
gwik	귁
gwin	귄
gwit	귇
gwil	귈
gwim	귐
gwip	귑
gwing	귕
gyuk	귝
gyun	균
gyut	귣
gyul	귤
gyum	귬
gyup	귭
gyung	귱
geuk	극
geun	근
geut	귿
geul	글
geum	금
geup	급
geung	긍
guik	긕
guin	긘
guit	긛
guil	긜
guim	긤
guip	긥
guing	긩
gik	긱
gin	긴
git	긷
gil	길
gim	김
gip	깁
ging	깅
kkak	깍
kkan	깐
kkat	깓
kkal	깔
kkam	깜
kkap	깝
kkang	깡
kkaek	깩
kkaen	깬
kkaet	깯
kkael	깰
kkaem	깸
kkaep	깹
kkaeng	깽
kkyak	꺅
kkyan	꺈
kkyat	꺋
kkyal	꺌
kkyam	꺔
kkyap	꺕
kkyang	꺙
kkyaek	꺡
kkyaen	꺤
kkyaet	꺧
kkyael	꺨
kkyaem	꺰
kkyaep	꺱
kkyaeng	꺵
kkeok	꺽
kkeon	껀
kkeot	껃
kkeol	껄
kkeom	껌
kkeop	껍
kkeong	껑
kkek	껙
kken	껜
kket	껟
kkel	껠
kkem	껨
kkep	껩
kkeng	껭
kkyeok	껵
kkyeon	껸
kkyeot	껻
kkyeol	껼
kkyeom	꼄
kkyeop	꼅
kkyeong	꼉
kkyek	꼑
kkyen	꼔
kkyet	꼗
kkyel	꼘
kkyem	꼠
kkyep	꼡
kkyeng	꼥
kkok	꼭
kkon	꼰
kkot	꼳
kkol	꼴
kkom	꼼
kkop	꼽
kkong	꽁
kkwak	꽉
kkwan	꽌
kkwat	꽏
kkwal	꽐
kkwam	꽘
kkwap	꽙
kkwang	꽝
kkwaek	꽥
kkwaen	꽨
kkwaet	꽫
kkwael	꽬
kkwaem	꽴
kkwaep	꽵
kkwaeng	꽹
kkoek	꾁
kkoen	꾄
kkoet	꾇
kkoel	꾈
kkoem	꾐
kkoep	꾑
kkoeng	꾕
kkyok	꾝
kkyon	꾠
kkyot	꾣
kkyol	꾤
kkyom	꾬
kkyop	꾭
kkyong	꾱
kkuk	꾹
kkun	꾼
kkut	꾿
kkul	꿀
kkum	꿈
kkup	꿉
kkung	꿍
kkwok	꿕
kkwon	꿘
kkwot	꿛
kkwol	꿜
kkwom	꿤
kkwop	꿥
kkwong	꿩
kkwek	꿱
kkwen	꿴
kkwet	꿷
kkwel	꿸
kkwem	뀀
kkwep	뀁
kkweng	뀅
kkwik	뀍
kkwin	뀐
kkwit	뀓
kkwil	뀔
kkwim	뀜
kkwip	뀝
kkwing	뀡
kkyuk	뀩
kkyun	뀬
kkyut	뀯
kkyul	뀰
kkyum	뀸
kkyup	뀹
kkyung	뀽
kkeuk	끅
kkeun	끈
kkeut	끋
kkeul	끌
kkeum	끔
kkeup	끕
kkeung	끙
kkuik	끡
kkuin	끤
kkuit	끧
kkuil	끨
kkuim	끰
kkuip	끱
kkuing	끵
kkik	끽
kkin	낀
kkit	낃
kkil	낄
kkim	낌
kkip	낍
kking	낑
nak	낙
nan	난
nat	낟
nal	날
nam	남
nap	납
nang	낭
naek	낵
naen	낸
naet	낻
nael	낼
naem	냄
naep	냅
naeng	냉
nyak	냑
nyan	냔
nyat	냗
nyal	냘
nyam	냠
nyap	냡
nyang	냥
nyaek	냭
nyaen	냰
nyaet	냳
nyael	냴
nyaem	냼
nyaep	냽
nyaeng	넁
neok	넉
neon	넌
neot	넏
neol	널
neom	넘
neop	넙
neong	넝
nek	넥
nen	넨
net	넫
nel	넬
nem	넴
nep	넵
neng	넹
nyeok	녁
nyeon	년
nyeot	녇
nyeol	녈
nyeom	념
nyeop	녑
nyeong	녕
nyek	녝
nyen	녠
nyet	녣
nyel	녤
nyem	녬
nyep	녭
nyeng	녱
nok	녹
non	논
not	녿
nol	놀
nom	놈
nop	놉
nong	농
nwak	놕
nwan	놘
nwat	놛
nwal	놜
nwam	놤
nwap	놥
nwang	놩
nwaek	놱
nwaen	놴
nwaet	놷
nwael	놸
nwaem	뇀
nwaep	뇁
nwaeng	뇅
noek	뇍
noen	뇐
noet	뇓
noel	뇔
noem	뇜
noep	뇝
noeng	뇡
nyok	뇩
nyon	뇬
nyot	뇯
nyol	뇰
nyom	뇸
nyop	뇹
nyong	뇽
nuk	눅
nun	눈
nut	눋
nul	눌
num	눔
nup	눕
nung	눙
nwok	눡
nwon	눤
nwot	눧
nwol	눨
nwom	눰
nwop	눱
nwong	눵
nwek	눽
nwen	뉀
nwet	뉃
nwel	뉄
nwem	뉌
nwep	뉍
nweng	뉑
nwik	뉙
nwin	뉜
nwit	뉟
nwil	뉠
nwim	뉨
nwip	뉩
nwing	뉭
nyuk	뉵
nyun	뉸
nyut	뉻
nyul	뉼
nyum	늄
nyup	늅
nyung	늉
neuk	늑
neun	는
neut	늗
neul	늘
neum	늠
neup	늡
neung	능
nuik	늭
nuin	늰
nuit	늳
nuil	늴
nuim	늼
nuip	늽
nuing	닁
nik	닉
nin	닌
nit	닏
nil	닐
nim	님
nip	닙
ning	닝
dak	닥
dan	단
dat	닫
dal	달
dam	담
dap	답
dang	당
daek	댁
daen	댄
daet	댇
dael	댈
daem	댐
daep	댑
daeng	댕
dyak	댝
dyan	댠
dyat	댣
dyal	댤
dyam	댬
dyap	댭
dyang	댱
dyaek	댹
dyaen	댼
dyaet	댿
dyael	덀
dyaem	덈
dyaep	덉
dyaeng	덍
deok	덕
deon	던
deot	덛
deol	덜
deom	덤
deop	덥
deong	덩
dek	덱
den	덴
det	덷
del	델
dem	뎀
dep	뎁
deng	뎅
dyeok	뎍
dyeon	뎐
dyeot	뎓
dyeol	뎔
dyeom	뎜
dyeop	뎝
dyeong	뎡
dyek	뎩
dyen	뎬
dyet	뎯
dyel	뎰
dyem	뎸
dyep	뎹
dyeng	뎽
dok	독
don	돈
dot	돋
dol	돌
dom	돔
dop	돕
dong	동
dwak	돡
dwan	돤
dwat	돧
dwal	돨
dwam	돰
dwap	돱
dwang	돵
dwaek	돽
dwaen	됀
dwaet	됃
dwael	됄
dwaem	됌
dwaep	됍
dwaeng	됑
doek	됙
doen	된
doet	됟
doel	될
doem	됨
doep	됩
doeng	됭
dyok	됵
dyon	됸
dyot	됻
dyol	됼
dyom	둄
dyop	둅
dyong	둉
duk	둑
dun	둔
dut	둗
dul	둘
dum	둠
dup	둡
dung	둥
dwok	둭
dwon	둰
dwot	둳
dwol	둴
dwom	둼
dwop	둽
dwong	뒁
dwek	뒉
dwen	뒌
dwet	뒏
dwel	뒐
dwem	뒘
dwep	뒙
dweng	뒝
dwik	뒥
dwin	뒨
dwit	뒫
dwil	뒬
dwim	뒴
dwip	뒵
dwing	뒹
dyuk	듁
dyun	듄
dyut	듇
dyul	듈
dyum	듐
dyup	듑
dyung	듕
deuk	득
deun	든
deut	듣
deul	들
deum	듬
deup	듭
deung	등
duik	듹
duin	듼
duit	듿
duil	딀
duim	딈
duip	딉
duing	딍
dik	딕
din	딘
dit	딛
dil	딜
dim	딤
dip	딥
ding	딩
ttak	딱
ttan	딴
ttat	딷
ttal	딸
ttam	땀
ttap	땁
ttang	땅
ttaek	땍
ttaen	땐
ttaet	땓
ttael	땔
ttaem	땜
ttaep	땝
ttaeng	땡
ttyak	땩
ttyan	땬
ttyat	땯
ttyal	땰
ttyam	땸
ttyap	땹
ttyang	땽
ttyaek	떅
ttyaen	떈
ttyaet	떋
ttyael	떌
ttyaem	떔
ttyaep	떕
ttyaeng	떙
tteok	떡
tteon	떤
tteot	떧
tteol	떨
tteom	떰
tteop	떱
tteong	떵
ttek	떽
tten	뗀
ttet	뗃
ttel	뗄
ttem	뗌
ttep	뗍
tteng	뗑
ttyeok	뗙
ttyeon	뗜
ttyeot	뗟
ttyeol	뗠
ttyeom	뗨
ttyeop	뗩
ttyeong	뗭
ttyek	뗵
ttyen	뗸
ttyet	뗻
ttyel	뗼
ttyem	똄
ttyep	똅
ttyeng	똉
ttok	똑
tton	똔
ttot	똗
ttol	똘
ttom	똠
ttop	똡
ttong	똥
ttwak	똭
ttwan	똰
ttwat	똳
ttwal	똴
ttwam	똼
ttwap	똽
ttwang	뙁
ttwaek	뙉
ttwaen	뙌
ttwaet	뙏
ttwael	뙐
ttwaem	뙘
ttwaep	뙙
ttwaeng	뙝
ttoek	뙥
ttoen	뙨
ttoet	뙫
ttoel	뙬
ttoem	뙴
ttoep	뙵
ttoeng	뙹
ttyok	뚁
ttyon	뚄
ttyot	뚇
ttyol	뚈
ttyom	뚐
ttyop	뚑
ttyong	뚕
ttuk	뚝
ttun	뚠
ttut	뚣
ttul	뚤
ttum	뚬
ttup	뚭
ttung	뚱
ttwok	뚹
ttwon	뚼
ttwot	뚿
ttwol	뛀
ttwom	뛈
ttwop	뛉
ttwong	뛍
ttwek	뛕
ttwen	뛘
ttwet	뛛
ttwel	뛜
ttwem	뛤
ttwep	뛥
ttweng	뛩
ttwik	뛱
ttwin	뛴
ttwit	뛷
ttwil	뛸
ttwim	뜀
ttwip	뜁
ttwing	뜅
ttyuk	뜍
ttyun	뜐
ttyut	뜓
ttyul	뜔
ttyum	뜜
ttyup	뜝
ttyung	뜡
tteuk	뜩
tteun	뜬
tteut	뜯
tteul	뜰
tteum	뜸
tteup	뜹
tteung	뜽
ttuik	띅
ttuin	띈
ttuit	띋
ttuil	띌
ttuim	띔
ttuip	띕
ttuing	띙
ttik	띡
ttin	띤
ttit	띧
ttil	띨
ttim	띰
ttip	띱
tting	띵
rak	락
ran	란
rat	랃
ral	랄
ram	람
rap	랍
rang	랑
raek	랙
raen	랜
raet	랟
rael	랠
raem	램
raep	랩
raeng	랭
ryak	략
ryan	랸
ryat	랻
ryal	랼
ryam	럄
ryap	럅
ryang	량
ryaek	럑
ryaen	럔
ryaet	럗
ryael	럘
ryaem	럠
ryaep	럡
ryaeng	럥
reok	럭
reon	런
reot	럳
reol	럴
reom	럼
reop	럽
reong	렁
rek	렉
ren	렌
ret	렏
rel	렐
rem	렘
rep	렙
reng	렝
ryeok	력
ryeon	련
ryeot	렫
ryeol	렬
ryeom	렴
ryeop	렵
ryeong	령
ryek	롁
ryen	롄
ryet	롇
ryel	롈
ryem	롐
ryep	롑
ryeng	롕
rok	록
ron	론
rot	롣
rol	롤
rom	롬
rop	롭
rong	롱
rwak	롹
rwan	롼
rwat	롿
rwal	뢀
rwam	뢈
rwap	뢉
rwang	뢍
rwaek	뢕
rwaen	뢘
rwaet	뢛
rwael	뢜
rwaem	뢤
rwaep	뢥
rwaeng	뢩
roek	뢱
roen	뢴
roet	뢷
roel	뢸
roem	룀
roep	룁
roeng	룅
ryok	룍
ryon	룐
ryot	룓
ryol	룔
ryom	룜
ryop	룝
ryong	룡
ruk	룩
run	룬
rut	룯
rul	룰
rum	룸
rup	룹
rung	룽
rwok	뤅
rwon	뤈
rwot	뤋
rwol	뤌
rwom	뤔
rwop	뤕
rwong	뤙
rwek	뤡
rwen	뤤
rwet	뤧
rwel	뤨
rwem	뤰
rwep	뤱
rweng	뤵
rwik	뤽
rwin	륀
rwit	륃
rwil	륄
rwim	륌
rwip	륍
rwing	륑
ryuk	륙
ryun	륜
ryut	륟
ryul	률
ryum	륨
ryup	륩
ryung	륭
reuk	륵
reun	른
reut	륻
reul	를
reum	름
reup	릅
reung	릉
ruik	릑
ruin	릔
ruit	릗
ruil	릘
ruim	릠
ruip	릡
ruing	릥
rik	릭
rin	린
rit	릳
ril	릴
rim	림
rip	립
ring	링
mak	막
man	만
mat	맏
mal	말
mam	맘
map	맙
mang	망
maek	맥
maen	맨
maet	맫
mael	맬
maem	맴
maep	맵
maeng	맹
myak	먁
myan	먄
myat	먇
myal	먈
myam	먐
myap	먑
myang	먕
myaek	먝
myaen	먠
myaet	먣
myael	먤
myaem	먬
myaep	먭
myaeng	먱
meok	먹
meon	먼
meot	먿
meol	멀
meom	멈
meop	멉
meong	멍
mek	멕
men	멘
met	멛
mel	멜
mem	멤
mep	멥
meng	멩
myeok	멱
myeon	면
myeot	멷
myeol	멸
myeom	몀
myeop	몁
myeong	명
myek	몍
myen	몐
myet	몓
myel	몔
myem	몜
myep	몝
myeng	몡
mok	목
mon	몬
mot	몯
mol	몰
mom	몸
mop	몹
mong	몽
mwak	뫅
mwan	뫈
mwat	뫋
mwal	뫌
mwam	뫔
mwap	뫕
mwang	뫙
mwaek	뫡
mwaen	뫤
mwaet	뫧
mwael	뫨
mwaem	뫰
mwaep	뫱
mwaeng	뫵
moek	뫽
moen	묀
moet	묃
moel	묄
moem	묌
moep	묍
moeng	묑
myok	묙
myon	묜
myot	묟
myol	묠
myom	묨
myop	묩
myong	묭
muk	묵
mun	문
mut	묻
mul	물
mum	뭄
mup	뭅
mung	뭉
mwok	뭑
mwon	뭔
mwot	뭗
mwol	뭘
mwom	뭠
mwop	뭡
mwong	뭥
mwek	뭭
mwen	뭰
mwet	뭳
mwel	뭴
mwem	뭼
mwep	뭽
mweng	뮁
mwik	뮉
mwin	뮌
mwit	뮏
mwil	뮐
mwim	뮘
mwip	뮙
mwing	뮝
myuk	뮥
myun	뮨
myut	뮫
myul	뮬
myum	뮴
myup	뮵
myung	뮹
meuk	믁
meun	믄
meut	믇
meul	믈
meum	믐
meup	믑
meung	믕
muik	믝
muin	믠
muit	믣
muil	믤
muim	믬
muip	믭
muing	믱
mik	믹
min	민
mit	믿
mil	밀
mim	밈
mip	밉
ming	밍
bak	박
ban	반
bat	받
bal	발
bam	밤
bap	밥
bang	방
baek	백
baen	밴
baet	밷
bael	밸
baem	뱀
baep	뱁
baeng	뱅
byak	뱍
byan	뱐
byat	뱓
byal	뱔
byam	뱜
byap	뱝
byang	뱡
byaek	뱩
byaen	뱬
byaet	뱯
byael	뱰
byaem	뱸
byaep	뱹
byaeng	뱽
beok	벅
beon	번
beot	벋
beol	벌
beom	범
beop	법
beong	벙
bek	벡
ben	벤
bet	벧
bel	벨
bem	벰
bep	벱
beng	벵
byeok	벽
byeon	변
byeot	볃
byeol	별
byeom	볌
byeop	볍
byeong	병
byek	볙
byen	볜
byet	볟
byel	볠
byem	볨
byep	볩
byeng	볭
bok	복
bon	본
bot	볻
bol	볼
bom	봄
bop	봅
bong	봉
bwak	봑
bwan	봔
bwat	봗
bwal	봘
bwam	봠
bwap	봡
bwang	봥
bwaek	봭
bwaen	봰
bwaet	봳
bwael	봴
bwaem	봼
bwaep	봽
bwaeng	뵁
boek	뵉
boen	뵌
boet	뵏
boel	뵐
boem	뵘
boep	뵙
boeng	뵝
byok	뵥
byon	뵨
byot	뵫
byol	뵬
byom	뵴
byop	뵵
byong	뵹
buk	북
bun	분
but	붇
bul	불
bum	붐
bup	붑
bung	붕
bwok	붝
bwon	붠
bwot	붣
bwol	붤
bwom	붬
bwop	붭
bwong	붱
bwek	붹
bwen	붼
bwet	붿
bwel	뷀
bwem	뷈
bwep	뷉
bweng	뷍
bwik	뷕
bwin	뷘
bwit	뷛
bwil	뷜
bwim	뷤
bwip	뷥
bwing	뷩
byuk	뷱
byun	뷴
byut	뷷
byul	뷸
byum	븀
byup	븁
byung	븅
beuk	븍
beun	븐
beut	븓
beul	블
beum	븜
beup	븝
beung	븡
buik	븩
buin	븬
buit	븯
buil	븰
buim	븸
buip	븹
buing	븽
bik	빅
bin	빈
bit	빋
bil	빌
bim	빔
bip	빕
bing	빙
ppak	빡
ppan	빤
ppat	빧
ppal	빨
ppam	빰
ppap	빱
ppang	빵
ppaek	빽
ppaen	뺀
ppaet	뺃
ppael	뺄
ppaem	뺌
ppaep	뺍
ppaeng	뺑
ppyak	뺙
ppyan	뺜
ppyat	뺟
ppyal	뺠
ppyam	뺨
ppyap	뺩
ppyang	뺭
ppyaek	뺵
ppyaen	뺸
ppyaet	뺻
ppyael	뺼
ppyaem	뻄
ppyaep	뻅
ppyaeng	뻉
ppeok	뻑
ppeon	뻔
ppeot	뻗
ppeol	뻘
ppeom	뻠
ppeop	뻡
ppeong	뻥
ppek	뻭
ppen	뻰
ppet	뻳
ppel	뻴
ppem	뻼
ppep	뻽
ppeng	뼁
ppyeok	뼉
ppyeon	뼌
ppyeot	뼏
ppyeol	뼐
ppyeom	뼘
ppyeop	뼙
ppyeong	뼝
ppyek	뼥
ppyen	뼨
ppyet	뼫
ppyel	뼬
ppyem	뼴
ppyep	뼵
ppyeng	뼹
ppok	뽁
ppon	뽄
ppot	뽇
ppol	뽈
ppom	뽐
ppop	뽑
ppong	뽕
ppwak	뽝
ppwan	뽠
ppwat	뽣
ppwal	뽤
ppwam	뽬
ppwap	뽭
ppwang	뽱
ppwaek	뽹
ppwaen	뽼
ppwaet	뽿
ppwael	뾀
ppwaem	뾈
ppwaep	뾉
ppwaeng	뾍
ppoek	뾕
ppoen	뾘
ppoet	뾛
ppoel	뾜
ppoem	뾤
ppoep	뾥
ppoeng	뾩
ppyok	뾱
ppyon	뾴
ppyot	뾷
ppyol	뾸
ppyom	뿀
ppyop	뿁
ppyong	뿅
ppuk	뿍
ppun	뿐
pput	뿓
ppul	뿔
ppum	뿜
ppup	뿝
ppung	뿡
ppwok	뿩
ppwon	뿬
ppwot	뿯
ppwol	뿰
ppwom	뿸
ppwop	뿹
ppwong	뿽
ppwek	쀅
ppwen	쀈
ppwet	쀋
ppwel	쀌
ppwem	쀔
ppwep	쀕
ppweng	쀙
ppwik	쀡
ppwin	쀤
ppwit	쀧
ppwil	쀨
ppwim	쀰
ppwip	쀱
ppwing	쀵
ppyuk	쀽
ppyun	쁀
ppyut	쁃
ppyul	쁄
ppyum	쁌
ppyup	쁍
ppyung	쁑
ppeuk	쁙
ppeun	쁜
ppeut	쁟
ppeul	쁠
ppeum	쁨
ppeup	쁩
ppeung	쁭
ppuik	쁵
ppuin	쁸
ppuit	쁻
ppuil	쁼
ppuim	삄
ppuip	삅
ppuing	삉
ppik	삑
ppin	삔
ppit	삗
ppil	삘
ppim	삠
ppip	삡
pping	삥
sak	삭
san	산
sat	삳
sal	살
sam	삼
sap	삽
sang	상
saek	색
saen	샌
saet	샏
sael	샐
saem	샘
saep	샙
saeng	생
syak	샥
syan	샨
syat	샫
syal	샬
syam	샴
syap	샵
syang	샹
syaek	섁
syaen	섄
syaet	섇
syael	섈
syaem	섐
syaep	섑
syaeng	섕
seok	석
seon	선
seot	섣
seol	설
seom	섬
seop	섭
seong	성
sek	섹
sen	센
set	섿
sel	셀
sem	셈
sep	셉
seng	셍
syeok	셕
syeon	션
syeot	셛
syeol	셜
syeom	셤
syeop	셥
syeong	셩
syek	셱
syen	셴
syet	셷
syel	셸
syem	솀
syep	솁
syeng	솅
sok	속
son	손
sot	솓
sol	솔
som	솜
sop	솝
song	송
swak	솩
swan	솬
swat	솯
swal	솰
swam	솸
swap	솹
swang	솽
swaek	쇅
swaen	쇈
swaet	쇋
swael	쇌
swaem	쇔
swaep	쇕
swaeng	쇙
soek	쇡
soen	쇤
soet	쇧
soel	쇨
soem	쇰
soep	쇱
soeng	쇵
syok	쇽
syon	숀
syot	숃
syol	숄
syom	숌
syop	숍
syong	숑
suk	숙
sun	순
sut	숟
sul	술
sum	숨
sup	숩
sung	숭
swok	숵
swon	숸
swot	숻
swol	숼
swom	쉄
swop	쉅
swong	쉉
swek	쉑
swen	쉔
swet	쉗
swel	쉘
swem	쉠
swep	쉡
sweng	쉥
swik	쉭
swin	쉰
swit	쉳
swil	쉴
swim	쉼
swip	쉽
swing	슁
syuk	슉
syun	슌
syut	슏
syul	슐
syum	슘
syup	슙
syung	슝
seuk	슥
seun	슨
seut	슫
seul	슬
seum	슴
seup	습
seung	승
suik	싁
suin	싄
suit	싇
suil	싈
suim	싐
suip	싑
suing	싕
sik	식
sin	신
sit	싣
sil	실
sim	심
sip	십
sing	싱
ssak	싹
ssan	싼
ssat	싿
ssal	쌀
ssam	쌈
ssap	쌉
ssang	쌍
ssaek	쌕
ssaen	쌘
ssaet	쌛
ssael	쌜
ssaem	쌤
ssaep	쌥
ssaeng	쌩
ssyak	쌱
ssyan	쌴
ssyat	쌷
ssyal	쌸
ssyam	썀
ssyap	썁
ssyang	썅
ssyaek	썍
ssyaen	썐
ssyaet	썓
ssyael	썔
ssyaem	썜
ssyaep	썝
ssyaeng	썡
sseok	썩
sseon	썬
sseot	썯
sseol	썰
sseom	썸
sseop	썹
sseong	썽
ssek	쎅
ssen	쎈
sset	쎋
ssel	쎌
ssem	쎔
ssep	쎕
sseng	쎙
ssyeok	쎡
ssyeon	쎤
ssyeot	쎧
ssyeol	쎨
ssyeom	쎰
ssyeop	쎱
ssyeong	쎵
ssyek	쎽
ssyen	쏀
ssyet	쏃
ssyel	쏄
ssyem	쏌
ssyep	쏍
ssyeng	쏑
ssok	쏙
sson	쏜
ssot	쏟
ssol	쏠
ssom	쏨
ssop	쏩
ssong	쏭
sswak	쏵
sswan	쏸
sswat	쏻
sswal	쏼
sswam	쐄
sswap	쐅
sswang	쐉
sswaek	쐑
sswaen	쐔
sswaet	쐗
sswael	쐘
sswaem	쐠
sswaep	쐡
sswaeng	쐥
ssoek	쐭
ssoen	쐰
ssoet	쐳
ssoel	쐴
ssoem	쐼
ssoep	쐽
ssoeng	쑁
ssyok	쑉
ssyon	쑌
ssyot	쑏
ssyol	쑐
ssyom	쑘
ssyop	쑙
ssyong	쑝
ssuk	쑥
ssun	쑨
ssut	쑫
ssul	쑬
ssum	쑴
ssup	쑵
ssung	쑹
sswok	쒁
sswon	쒄
sswot	쒇
sswol	쒈
sswom	쒐
sswop	쒑
sswong	쒕
sswek	쒝
sswen	쒠
sswet	쒣
sswel	쒤
sswem	쒬
sswep	쒭
ssweng	쒱
sswik	쒹
sswin	쒼
sswit	쒿
sswil	쓀
sswim	쓈
sswip	쓉
sswing	쓍
ssyuk	쓕
ssyun	쓘
ssyut	쓛
ssyul	쓜
ssyum	쓤
ssyup	쓥
ssyung	쓩
sseuk	쓱
sseun	쓴
sseut	쓷
sseul	쓸
sseum	씀
sseup	씁
sseung	씅
ssuik	씍
ssuin	씐
ssuit	씓
ssuil	씔
ssuim	씜
ssuip	씝
ssuing	씡
ssik	씩
ssin	씬
ssit	씯
ssil	씰
ssim	씸
ssip	씹
ssing	씽
ngak	악
ngan	안
ngat	앋
ngal	알
ngam	암
ngap	압
ngang	앙
ngaek	액
ngaen	앤
ngaet	앧
ngael	앨
ngaem	앰
ngaep	앱
ngaeng	앵
ngyak	약
ngyan	얀
ngyat	얃
ngyal	얄
ngyam	얌
ngyap	얍
ngyang	양
ngyaek	얙
ngyaen	얜
ngyaet	얟
ngyael	얠
ngyaem	얨
ngyaep	얩
ngyaeng	얭
ngeok	억
ngeon	언
ngeot	얻
ngeol	얼
ngeom	엄
ngeop	업
ngeong	엉
ngek	엑
ngen	엔
nget	엗
ngel	엘
ngem	엠
ngep	엡
ngeng	엥
ngyeok	역
ngyeon	연
ngyeot	엳
ngyeol	열
ngyeom	염
ngyeop	엽
ngyeong	영
ngyek	옉
ngyen	옌
ngyet	옏
ngyel	옐
ngyem	옘
ngyep	옙
ngyeng	옝
ngok	옥
ngon	온
ngot	옫
ngol	올
ngom	옴
ngop	옵
ngong	옹
ngwak	왁
ngwan	완
ngwat	왇
ngwal	왈
ngwam	왐
ngwap	왑
ngwang	왕
ngwaek	왝
ngwaen	왠
ngwaet	왣
ngwael	왤
ngwaem	왬
ngwaep	왭
ngwaeng	왱
ngoek	왹
ngoen	왼
ngoet	왿
ngoel	욀
ngoem	욈
ngoep	욉
ngoeng	욍
ngyok	욕
ngyon	욘
ngyot	욛
ngyol	욜
ngyom	욤
ngyop	욥
ngyong	용
nguk	욱
ngun	운
ngut	욷
ngul	울
ngum	움
ngup	웁
ngung	웅
ngwok	웍
ngwon	원
ngwot	웓
ngwol	월
ngwom	웜
ngwop	웝
ngwong	웡
ngwek	웩
ngwen	웬
ngwet	웯
ngwel	웰
ngwem	웸
ngwep	웹
ngweng	웽
ngwik	윅
ngwin	윈
ngwit	윋
ngwil	윌
ngwim	윔
ngwip	윕
ngwing	윙
ngyuk	육
ngyun	윤
ngyut	윧
ngyul	율
ngyum	윰
ngyup	윱
ngyung	융
ngeuk	윽
ngeun	은
ngeut	읃
ngeul	을
ngeum	음
ngeup	읍
ngeung	응
nguik	읙
nguin	읜
nguit	읟
nguil	읠
nguim	읨
nguip	읩
nguing	읭
ngik	익
ngin	인
ngit	읻
ngil	일
ngim	임
ngip	입
nging	잉
jak	작
jan	잔
jat	잗
jal	잘
jam	잠
jap	잡
jang	장
jaek	잭
jaen	잰
jaet	잳
jael	잴
jaem	잼
jaep	잽
jaeng	쟁
jyak	쟉
jyan	쟌
jyat	쟏
jyal	쟐
jyam	쟘
jyap	쟙
jyang	쟝
jyaek	쟥
jyaen	쟨
jyaet	쟫
jyael	쟬
jyaem	쟴
jyaep	쟵
jyaeng	쟹
jeok	적
jeon	전
jeot	젇
jeol	절
jeom	점
jeop	접
jeong	정
jek	젝
jen	젠
jet	젣
jel	젤
jem	젬
jep	젭
jeng	젱
jyeok	젹
jyeon	젼
jyeot	젿
jyeol	졀
jyeom	졈
jyeop	졉
jyeong	졍
jyek	졕
jyen	졘
jyet	졛
jyel	졜
jyem	졤
jyep	졥
jyeng	졩
jok	족
jon	존
jot	졷
jol	졸
jom	좀
jop	좁
jong	종
jwak	좍
jwan	좐
jwat	좓
jwal	좔
jwam	좜
jwap	좝
jwang	좡
jwaek	좩
jwaen	좬
jwaet	좯
jwael	좰
jwaem	좸
jwaep	좹
jwaeng	좽
joek	죅
joen	죈
joet	죋
joel	죌
joem	죔
joep	죕
joeng	죙
jyok	죡
jyon	죤
jyot	죧
jyol	죨
jyom	죰
jyop	죱
jyong	죵
juk	죽
jun	준
jut	줃
jul	줄
jum	줌
jup	줍
jung	중
jwok	줙
jwon	줜
jwot	줟
jwol	줠
jwom	줨
jwop	줩
jwong	줭
jwek	줵
jwen	줸
jwet	줻
jwel	줼
jwem	쥄
jwep	쥅
jweng	쥉
jwik	쥑
jwin	쥔
jwit	쥗
jwil	쥘
jwim	쥠
jwip	쥡
jwing	쥥
jyuk	쥭
jyun	쥰
jyut	쥳
jyul	쥴
jyum	쥼
jyup	쥽
jyung	즁
jeuk	즉
jeun	즌
jeut	즏
jeul	즐
jeum	즘
jeup	즙
jeung	증
juik	즥
juin	즨
juit	즫
juil	즬
juim	즴
juip	즵
juing	즹
jik	직
jin	진
jit	짇
jil	질
jim	짐
jip	집
jing	징
jjak	짝
jjan	짠
jjat	짣
jjal	짤
jjam	짬
jjap	짭
jjang	짱
jjaek	짹
jjaen	짼
jjaet	짿
jjael	쨀
jjaem	쨈
jjaep	쨉
jjaeng	쨍
jjyak	쨕
jjyan	쨘
jjyat	쨛
jjyal	쨜
jjyam	쨤
jjyap	쨥
jjyang	쨩
jjyaek	쨱
jjyaen	쨴
jjyaet	쨷
jjyael	쨸
jjyaem	쩀
jjyaep	쩁
jjyaeng	쩅
jjeok	쩍
jjeon	쩐
jjeot	쩓
jjeol	쩔
jjeom	쩜
jjeop	쩝
jjeong	쩡
jjek	쩩
jjen	쩬
jjet	쩯
jjel	쩰
jjem	쩸
jjep	쩹
jjeng	쩽
jjyeok	쪅
jjyeon	쪈
jjyeot	쪋
jjyeol	쪌
jjyeom	쪔
jjyeop	쪕
jjyeong	쪙
jjyek	쪡
jjyen	쪤
jjyet	쪧
jjyel	쪨
jjyem	쪰
jjyep	쪱
jjyeng	쪵
jjok	쪽
jjon	쫀
jjot	쫃
jjol	쫄
jjom	쫌
jjop	쫍
jjong	쫑
jjwak	쫙
jjwan	쫜
jjwat	쫟
jjwal	쫠
jjwam	쫨
jjwap	쫩
jjwang	쫭
jjwaek	쫵
jjwaen	쫸
jjwaet	쫻
jjwael	쫼
jjwaem	쬄
jjwaep	쬅
jjwaeng	쬉
jjoek	쬑
jjoen	쬔
jjoet	쬗
jjoel	쬘
jjoem	쬠
jjoep	쬡
jjoeng	쬥
jjyok	쬭
jjyon	쬰
jjyot	쬳
jjyol	쬴
jjyom	쬼
jjyop	쬽
jjyong	쭁
jjuk	쭉
jjun	쭌
jjut	쭏
jjul	쭐
jjum	쭘
jjup	쭙
jjung	쭝
jjwok	쭥
jjwon	쭨
jjwot	쭫
jjwol	쭬
jjwom	쭴
jjwop	쭵
jjwong	쭹
jjwek	쮁
jjwen	쮄
jjwet	쮇
jjwel	쮈
jjwem	쮐
jjwep	쮑
jjweng	쮕
jjwik	쮝
jjwin	쮠
jjwit	쮣
jjwil	쮤
jjwim	쮬
jjwip	쮭
jjwing	쮱
jjyuk	쮹
jjyun	쮼
jjyut	쮿
jjyul	쯀
jjyum	쯈
jjyup	쯉
jjyung	쯍
jjeuk	쯕
jjeun	쯘
jjeut	쯛
jjeul	쯜
jjeum	쯤
jjeup	쯥
jjeung	쯩
jjuik	쯱
jjuin	쯴
jjuit	쯷
jjuil	쯸
jjuim	찀
jjuip	찁
jjuing	찅
jjik	찍
jjin	찐
jjit	찓
jjil	찔
jjim	찜
jjip	찝
jjing	찡
chak	착
chan	찬
chat	찯
chal	찰
cham	참
chap	찹
chang	창
chaek	책
chaen	챈
chaet	챋
chael	챌
chaem	챔
chaep	챕
chaeng	챙
chyak	챡
chyan	챤
chyat	챧
chyal	챨
chyam	챰
chyap	챱
chyang	챵
chyaek	챽
chyaen	첀
chyaet	첃
chyael	첄
chyaem	첌
chyaep	첍
chyaeng	첑
cheok	척
cheon	천
cheot	첟
cheol	철
cheom	첨
cheop	첩
cheong	청
chek	첵
chen	첸
chet	첻
chel	첼
chem	쳄
chep	쳅
cheng	쳉
chyeok	쳑
chyeon	쳔
chyeot	쳗
chyeol	쳘
chyeom	쳠
chyeop	쳡
chyeong	쳥
chyek	쳭
chyen	쳰
chyet	쳳
chyel	쳴
chyem	쳼
chyep	쳽
chyeng	촁
chok	촉
chon	촌
chot	촏
chol	촐
chom	촘
chop	촙
chong	총
chwak	촥
chwan	촨
chwat	촫
chwal	촬
chwam	촴
chwap	촵
chwang	촹
chwaek	쵁
chwaen	쵄
chwaet	쵇
chwael	쵈
chwaem	쵐
chwaep	쵑
chwaeng	쵕
choek	쵝
choen	쵠
choet	쵣
choel	쵤
choem	쵬
choep	쵭
choeng	쵱
chyok	쵹
chyon	쵼
chyot	쵿
chyol	춀
chyom	춈
chyop	춉
chyong	춍
chuk	축
chun	춘
chut	춛
chul	출
chum	춤
chup	춥
chung	충
chwok	춱
chwon	춴
chwot	춷
chwol	춸
chwom	췀
chwop	췁
chwong	췅
chwek	췍
chwen	췐
chwet	췓
chwel	췔
chwem	췜
chwep	췝
chweng	췡
chwik	췩
chwin	췬
chwit	췯
chwil	췰
chwim	췸
chwip	췹
chwing	췽
chyuk	츅
chyun	츈
chyut	츋
chyul	츌
chyum	츔
chyup	츕
chyung	츙
cheuk	측
cheun	츤
cheut	츧
cheul	츨
cheum	츰
cheup	츱
cheung	층
chuik	츽
chuin	칀
chuit	칃
chuil	칄
chuim	칌
chuip	칍
chuing	칑
chik	칙
chin	친
chit	칟
chil	칠
chim	침
chip	칩
ching	칭
kak	칵
kan	칸
kat	칻
kal	칼
kam	캄
kap	캅
kang	캉
kaek	캑
kaen	캔
kaet	캗
kael	캘
kaem	캠
kaep	캡
kaeng	캥
kyak	캭
kyan	캰
kyat	캳
kyal	캴
kyam	캼
kyap	캽
kyang	컁
kyaek	컉
kyaen	컌
kyaet	컏
kyael	컐
kyaem	컘
kyaep	컙
kyaeng	컝
keok	컥
keon	컨
keot	컫
keol	컬
keom	컴
keop	컵
keong	컹
kek	켁
ken	켄
ket	켇
kel	켈
kem	켐
kep	켑
keng	켕
kyeok	켝
kyeon	켠
kyeot	켣
kyeol	켤
kyeom	켬
kyeop	켭
kyeong	켱
kyek	켹
kyen	켼
kyet	켿
kyel	콀
kyem	콈
kyep	콉
kyeng	콍
kok	콕
kon	콘
kot	콛
kol	콜
kom	콤
kop	콥
kong	콩
kwak	콱
kwan	콴
kwat	콷
kwal	콸
kwam	쾀
kwap	쾁
kwang	쾅
kwaek	쾍
kwaen	쾐
kwaet	쾓
kwael	쾔
kwaem	쾜
kwaep	쾝
kwaeng	쾡
koek	쾩
koen	쾬
koet	쾯
koel	쾰
koem	쾸
koep	쾹
koeng	쾽
kyok	쿅
kyon	쿈
kyot	쿋
kyol	쿌
kyom	쿔
kyop	쿕
kyong	쿙
kuk	쿡
kun	쿤
kut	쿧
kul	쿨
kum	쿰
kup	쿱
kung	쿵
kwok	쿽
kwon	퀀
kwot	퀃
kwol	퀄
kwom	퀌
kwop	퀍
kwong	퀑
kwek	퀙
kwen	퀜
kwet	퀟
kwel	퀠
kwem	퀨
kwep	퀩
kweng	퀭
kwik	퀵
kwin	퀸
kwit	퀻
kwil	퀼
kwim	큄
kwip	큅
kwing	큉
kyuk	큑
kyun	큔
kyut	큗
kyul	큘
kyum	큠
kyup	큡
kyung	큥
keuk	큭
keun	큰
keut	큳
keul	클
keum	큼
keup	큽
keung	킁
kuik	킉
kuin	킌
kuit	킏
kuil	킐
kuim	킘
kuip	킙
kuing	킝
kik	킥
kin	킨
kit	킫
kil	킬
kim	킴
kip	킵
king	킹
tak	탁
tan	탄
tat	탇
tal	탈
tam	탐
tap	탑
tang	탕
taek	택
taen	탠
taet	탣
tael	탤
taem	탬
taep	탭
taeng	탱
tyak	탹
tyan	탼
tyat	탿
tyal	턀
tyam	턈
tyap	턉
tyang	턍
tyaek	턕
tyaen	턘
tyaet	턛
tyael	턜
tyaem	턤
tyaep	턥
tyaeng	턩
teok	턱
teon	턴
teot	턷
teol	털
teom	텀
teop	텁
teong	텅
tek	텍
ten	텐
tet	텓
tel	텔
tem	템
tep	텝
teng	텡
tyeok	텩
tyeon	텬
tyeot	텯
tyeol	텰
tyeom	텸
tyeop	텹
tyeong	텽
tyek	톅
tyen	톈
tyet	톋
tyel	톌
tyem	톔
tyep	톕
tyeng	톙
tok	톡
ton	톤
tot	톧
tol	톨
tom	톰
top	톱
tong	통
twak	톽
twan	퇀
twat	퇃
twal	퇄
twam	퇌
twap	퇍
twang	퇑
twaek	퇙
twaen	퇜
twaet	퇟
twael	퇠
twaem	퇨
twaep	퇩
twaeng	퇭
toek	퇵
toen	퇸
toet	퇻
toel	퇼
toem	툄
toep	툅
toeng	툉
tyok	툑
tyon	툔
tyot	툗
tyol	툘
tyom	툠
tyop	툡
tyong	툥
tuk	툭
tun	툰
tut	툳
tul	툴
tum	툼
tup	툽
tung	퉁
twok	퉉
twon	퉌
twot	퉏
twol	퉐
twom	퉘
twop	퉙
twong	퉝
twek	퉥
twen	퉨
twet	퉫
twel	퉬
twem	퉴
twep	퉵
tweng	퉹
twik	튁
twin	튄
twit	튇
twil	튈
twim	튐
twip	튑
twing	튕
tyuk	튝
tyun	튠
tyut	튣
tyul	튤
tyum	튬
tyup	튭
tyung	튱
teuk	특
teun	튼
teut	튿
teul	틀
teum	틈
teup	틉
teung	틍
tuik	틕
tuin	틘
tuit	틛
tuil	틜
tuim	틤
tuip	틥
tuing	틩
tik	틱
tin	틴
tit	틷
til	틸
tim	팀
tip	팁
ting	팅
pak	팍
pan	판
pat	팓
pal	팔
pam	팜
pap	팝
pang	팡
paek	팩
paen	팬
paet	팯
pael	팰
paem	팸
paep	팹
paeng	팽
pyak	퍅
pyan	퍈
pyat	퍋
pyal	퍌
pyam	퍔
pyap	퍕
pyang	퍙
pyaek	퍡
pyaen	퍤
pyaet	퍧
pyael	퍨
pyaem	퍰
pyaep	퍱
pyaeng	퍵
peok	퍽
peon	펀
peot	펃
peol	펄
peom	펌
peop	펍
peong	펑
pek	펙
pen	펜
pet	펟
pel	펠
pem	펨
pep	펩
peng	펭
pyeok	펵
pyeon	편
pyeot	펻
pyeol	펼
pyeom	폄
pyeop	폅
pyeong	평
pyek	폑
pyen	폔
pyet	폗
pyel	폘
pyem	폠
pyep	폡
pyeng	폥
pok	폭
pon	폰
pot	폳
pol	폴
pom	폼
pop	폽
pong	퐁
pwak	퐉
pwan	퐌
pwat	퐏
pwal	퐐
pwam	퐘
pwap	퐙
pwang	퐝
pwaek	퐥
pwaen	퐨
pwaet	퐫
pwael	퐬
pwaem	퐴
pwaep	퐵
pwaeng	퐹
poek	푁
poen	푄
poet	푇
poel	푈
poem	푐
poep	푑
poeng	푕
pyok	푝
pyon	푠
pyot	푣
pyol	푤
pyom	푬
pyop	푭
pyong	푱
puk	푹
pun	푼
put	푿
pul	풀
pum	품
pup	풉
pung	풍
pwok	풕
pwon	풘
pwot	풛
pwol	풜
pwom	풤
pwop	풥
pwong	풩
pwek	풱
pwen	풴
pwet	풷
pwel	풸
pwem	퓀
pwep	퓁
pweng	퓅
pwik	퓍
pwin	퓐
pwit	퓓
pwil	퓔
pwim	퓜
pwip	퓝
pwing	퓡
pyuk	퓩
pyun	퓬
pyut	퓯
pyul	퓰
pyum	퓸
pyup	퓹
pyung	퓽
peuk	픅
peun	픈
peut	픋
peul	플
peum	픔
peup	픕
peung	픙
puik	픡
puin	픤
puit	픧
puil	픨
puim	픰
puip	픱
puing	픵
pik	픽
pin	핀
pit	핃
pil	필
pim	핌
pip	핍
ping	핑
hak	학
han	한
hat	핟
hal	할
ham	함
hap	합
hang	항
haek	핵
haen	핸
haet	핻
hael	핼
haem	햄
haep	햅
haeng	행
hyak	햑
hyan	햔
hyat	햗
hyal	햘
hyam	햠
hyap	햡
hyang	향
hyaek	햭
hyaen	햰
hyaet	햳
hyael	햴
hyaem	햼
hyaep	햽
hyaeng	헁
heok	헉
heon	헌
heot	헏
heol	헐
heom	험
heop	헙
heong	헝
hek	헥
hen	헨
het	헫
hel	헬
hem	헴
hep	헵
heng	헹
hyeok	혁
hyeon	현
hyeot	혇
hyeol	혈
hyeom	혐
hyeop	협
hyeong	형
hyek	혝
hyen	혠
hyet	혣
hyel	혤
hyem	혬
hyep	혭
hyeng	혱
hok	혹
hon	혼
hot	혿
hol	홀
hom	홈
hop	홉
hong	홍
hwak	확
hwan	환
hwat	홛
hwal	활
hwam	홤
hwap	홥
hwang	황
hwaek	홱
hwaen	홴
hwaet	홷
hwael	홸
hwaem	횀
hwaep	횁
hwaeng	횅
hoek	획
hoen	횐
hoet	횓
hoel	횔
hoem	횜
hoep	횝
hoeng	횡
hyok	횩
hyon	횬
hyot	횯
hyol	횰
hyom	횸
hyop	횹
hyong	횽
huk	훅
hun	훈
hut	훋
hul	훌
hum	훔
hup	훕
hung	훙
hwok	훡
hwon	훤
hwot	훧
hwol	훨
hwom	훰
hwop	훱
hwong	훵
hwek	훽
hwen	휀
hwet	휃
hwel	휄
hwem	휌
hwep	휍
hweng	휑
hwik	휙
hwin	휜
hwit	휟
hwil	휠
hwim	휨
hwip	휩
hwing	휭
hyuk	휵
hyun	휸
hyut	휻
hyul	휼
hyum	흄
hyup	흅
hyung	흉
heuk	흑
heun	흔
heut	흗
heul	흘
heum	흠
heup	흡
heung	흥
huik	흭
huin	흰
huit	흳
huil	흴
huim	흼
huip	흽
huing	힁
hik	힉
hin	힌
hit	힏
hil	힐
him	힘
hip	힙
hing	힝
hing	힝
+a	아
ae	애
ya	야
yae	얘
eo	어
e	에
yeo	여
ye	예
o	오
wa	와
wae	왜
oe	외
yo	요
u	우
wo	워
we	웨
wi	위
yu	유
eu	으
ui	의
i	이
